17.54,43.93,57.96,77.38,38.71,57.97,3.5,74.98,36.4,12.11,33.16,68.63,99.09,76.46,58.87,29.51,98.43,6.51,5.16,64.77,76.4,87.97,71.25,58.01,72.33,47.36,54.82,7.59,29.64,8.72,1.15,24.21,11.11,5.96,48.83,70.71,69.62,35.59,81.56,46.35,77,69.22,50.01,79.06,75.48,9.08,39.76,19.49,47.45,10.5,57.85,89.13,83.74,49.59,65.79,7.52,88.26,58.44,39.44,43.56,7.93,35.59,41.5,9.94,14.29,81.77,29.07,22.43,43.84,35.34,80.24,38.36,82.55,58.09,79.15,28.8,34,63.39,4.39,93.21,83.95,94.3,37.41,35.79,83.52,36.4,40.27,81.83,16.6,12.38,92.04,5.95,48.14,43.43,25.5,91.12,21.06,1.41,80.81,41.49
48.81,73.38,66.97,30.63,57.71,94.29,98,83.11,47.03,3.43,39.57,86.83,53.03,30.35,3.38,37.36,78.68,86.43,3.48,14.3,15.32,46.03,58.64,30.61,34.78,35.26,72.37,34.8,4.52,71.62,30.83,2.41,33.36,72.84,64.27,29.21,61.47,87.29,16.18,34.82,80.64,95.81,81.47,11.11,5.12,98.78,62.6,41.59,76.86,80.72,65.59,87.88,16.54,14.22,60.3,5.56,72.65,75.8,23.64,83.35,44.02,19.03,68.74,11.58,5.46,57.8,13.06,4.6,51.49,27.5,73.58,54.75,76.89,78.28,63.61,47.05,68.56,68.59,2.42,62.53,86.84,54.87,10.78,55.1,5.87,47.4,51.84,40.26,62.46,14.7,54.59,29.44,41.46,87.63,74.22,63.23,82.13,80.48,30.78,12.94
80.3,46.64,65.32,42.85,16.1,22.85,60.2,87.43,20.67,29.62,70.18,96.57,38.4,83.99,30.82,95.49,67.68,90.45,56.4,6.12,13.25,95.04,46.03,63.98,37.72,70.23,66.92,93.26,18.86,79.63,13.85,14.95,25.02,15.07,97.49,32.69,15.38,95.38,3.82,33.29,56.03,20.08,11.79,86.82,18.51,28.88,71.98,43.14,29.14,21.81,96.04,85.77,40.5,97.52,36.33,14.6,42.84,52.88,76.65,13.06,48.64,30.72,10.45,67.67,49.92,9.15,78.59,62.5,66.26,51.31,89.11,29.35,44.33,45.92,21.93,22.72,75.44,96.19,34.53,37.22,68.99,23.09,60.4,66.76,60.52,3.9,44.98,35.37,35.81,76.01,42.44,32.4,59.8,51.76,62.76,38.09,3.22,54.1,78.64,82.65
64.05,61.77,73.64,93.9,46.14,47.48,64.27,4.34,93.11,22.45,81.39,66.81,60.26,69.31,70.33,71.3,82.41,1.39,36.55,97.01,73.84,88.31,63.92,2.06,98.67,3.3,91.84,54.69,36.93,3.73,51.65,22.72,64.83,19.02,3.84,3.31,58.19,51.34,33.91,75.31,3.15,3.41,20.75,82.5,1.48,60.8,60.3,55.1,68.72,81.75,62.8,13.19,25.83,62.96,5.66,84.37,59.74,87.33,52.9,79.12,26.78,69.88,86.54,10.58,90.34,50.65,34.28,15.41,1.71,5.72,18.36,69.67,61.42,60.34,62.21,95.75,81.87,52.03,33.08,22.98,75.88,83.53,71.5,71.25,40.39,38.3,41.35,56.01,5.31,56.54,7.53,97.42,84.74,87.81,17.7,37.1,19.36,82.03,21.8,87.54
28.15,47.2,30.46,66.48,30.47,61.11,44.86,72.83,76.11,57.68,72.14,93.47,60.73,6.77,79.92,18.33,3.47,81.74,68.34,99.52,24.58,74.41,17.31,40.68,13.22,74.54,46.59,17.75,43.86,58.42,63,67.48,78.69,29.4,50.3,51.64,48.1,75.36,21.83,27.17,86.07,11.38,10.38,26.71,70.5,67.2,98.53,83.33,27.54,64.85,90.31,1.28,26.52,13,13.98,68.23,83.45,67.44,49.63,71.35,83.22,83.13,67.41,52.21,16.94,37.31,2.22,31.75,62.8,19.11,92.75,23.81,65.57,95.53,21.63,99.09,10.19,64.49,46.09,98.1,49.75,15.35,48.67,99.59,70.92,73.97,90.13,94.99,36.75,48.37,46.99,22.78,43.72,44.29,7.67,91.09,95.85,77.93,28.18,80.1
52.9,38.14,44.28,29.41,36.86,2.54,72.02,50.4,92.73,1.12,83.9,3.39,71.46,2.22,72.55,61.38,15.01,93.68,34.39,62.97,75.59,76.21,6.27,73.45,20.72,86.55,86.94,7.17,3.61,44.41,86.46,73.07,33.32,9.45,45.14,56.56,1.98,81.61,63.25,55.88,93.97,55.78,1.14,64.26,89.98,17.97,46.56,51.99,50.1,5.58,40.78,65.92,38.31,78.81,74.15,23.72,23.46,15.47,31.01,98.17,5.38,60.78,98.77,2.69,33.62,51.44,23.1,17.94,11.6,11.22,42.36,68.84,32.86,56.08,23.73,49.27,77.79,84.37,80.99,2.19,26.09,40.08,1.17,8.36,97,55.19,86.42,80.46,52.76,84.25,43.57,30.93,90.9,28.91,76.16,81.72,43.96,84.41,82.9,2.7
76.62,44.86,70.39,81.44,44.74,42.53,54.72,20.38,46.24,16.14,28.71,71.63,33.28,5.66,77.38,56.15,93.61,33.64,29.43,59.39,31.56,27.58,11.26,61.22,18.69,29.98,27.73,81.06,72.34,30.98,45.33,25.22,26.48,80.61,76.48,16.19,18.3,90.49,73.86,44.39,20.37,49.54,75.44,86.98,5.26,42.98,6.68,39.2,64.97,31.88,31.09,8.55,31.07,15.64,3.02,18.95,80.75,97.24,27.44,25.09,5.6,70.1,63.06,94.79,55.86,24.18,31.37,24.63,71.69,59.86,90.97,35.09,69.31,56.22,68.63,73.3,1.83,10.71,98.48,27.41,30.92,55.26,85.49,6.14,56.86,64.13,98.99,63.87,12.63,39.88,17.53,51.86,35.92,63.85,56.24,32.9,52.06,5.26,79.48,93.73
60.17,68.36,49.54,83.06,67.89,59.5,69.89,98.11,25.02,15.07,5.98,78.54,21.46,84.07,93.49,56.41,29.14,10.07,54.03,51.56,13.68,29.93,2.21,68.99,86.71,29.01,26.3,28.3,14.26,42.09,97.05,83.41,6.61,55.58,17.93,70.93,23.83,46.77,38.72,34.58,4.6,27.07,47.32,54.22,11.1,80.75,30.35,2.27,94.91,90.66,74.61,50.21,96.88,12.35,55.94,25.53,80.31,36.52,61.86,6.68,9.21,96.05,52.93,19.64,97.58,66.36,27.64,50.7,10.12,64.59,88.51,32.65,37.9,64.97,41.74,94.78,55.92,10.43,56.29,48.91,28.68,56.34,47.17,52.46,70.97,72.88,63.75,59.39,16.25,24.79,48.78,39.26,10.37,27.43,16.47,67.73,87.15,74.3,15.99,28.4
93.8,76.83,7.64,68.58,53.56,63.09,21.39,25.44,3.2,66.29,24.45,78.36,77.74,54.17,43.21,20.81,92.89,60.17,14.55,83.96,35.98,79.93,1.08,8.46,56.36,93.71,83.93,86.39,18.76,68.49,78.45,67.73,68.4,71.3,54.05,17.63,81.32,46.46,65.39,47.12,32.01,9.09,42.91,56.74,64.22,35.68,88.37,78.76,68.35,88.59,71.19,98.5,30.07,97.06,82.22,29.31,29.16,93.04,40.96,26.92,77.98,88.1,97.85,85.41,82.81,67.55,40.97,24.8,12.44,53.41,52.08,32.82,10.85,55.21,7.36,36.65,32.75,33.84,70.88,98.05,65.29,67.18,37.87,4.15,67.82,66.81,41.88,46.37,78.24,54.01,99.4,88.95,62.29,75.55,61.95,46.06,37.23,60.14,61.38,86.53
32.82,35.1,68.07,47.56,78.33,5.13,63.26,40.53,76.95,90.95,84.39,20,90.87,83.64,52.88,68.55,9.43,85.65,9.8,65.94,8.51,35.3,3.18,13.5,8.94,66.62,12.66,75.86,7.26,44.67,98.31,26.11,27.39,96.44,24.79,98.98,97.52,7.51,45.9,95.2,42.66,74.53,62.17,49.16,85.43,3.22,31.53,70.79,75.7,21.57,92.21,98.96,87.21,90.21,10.36,54.2,86.89,19.66,76.31,24.81,26.83,17.29,24.25,76.27,39.19,87.82,42.97,82.03,2.79,38.6,14.84,69.82,44.38,93.45,82.77,50.25,87.78,85.25,29.17,31.31,58.44,86.22,10.82,86.86,30.57,53.54,7.06,69.37,39.94,99.63,80.32,93.42,88.86,54.03,84.94,6.51,25.53,93.23,26.43,11.04
16.11,30.96,78.18,16.41,65.43,27.41,43.12,45.08,18.13,53.28,13.26,68.18,94.69,48.46,98.89,23.43,11.9,82.24,74.22,90.08,8.04,74.83,8.99,77.07,31.96,65.22,11.87,79.52,98.94,96.61,76.2,74.08,80.21,54.79,13.79,95.79,77.06,60.58,33.84,6.33,79.1,59.41,16.23,36.61,8.01,58.73,91.14,27.8,6.16,65.3,36.14,26.79,16.11,27.22,39.67,73.71,17.3,61.29,73.16,89.28,71.39,29.24,92.02,32.23,6.69,59,97.77,98.69,50.87,54.56,26.51,31.93,64.71,95.01,8.58,69.44,86.7,46.31,85.9,85.96,20.97,23.83,65.39,33.64,42.85,23.83,52.27,91.96,35.17,41.55,59.76,84.47,57.93,26.12,74.92,36.82,55.83,3.35,16.49,27.65
30.68,25.44,59.58,74.3,45.66,95.59,51.4,6.95,54.76,25.6,74.87,2.25,48.65,4.02,58.49,35.64,56.86,48.12,38.07,59.83,79.98,40.9,49.97,85.2,92.18,63.46,60.03,57.81,5.52,34.44,66.49,60.68,13.47,64.92,94.26,1.47,29.82,69.27,40.62,73.28,33.25,56.58,9.97,53.06,14.43,73.1,11.1,1.33,91.43,32.9,97.11,60.86,16.02,11.86,19.17,86.97,8.73,8.6,32.72,79.18,25.18,52.39,76.73,22.86,4.41,92.29,73.72,66.33,6.85,36,61.83,94,37.97,54.92,52.04,78.67,57.77,20.69,72.97,95.12,95.61,99.68,40.22,62.18,4.37,71.86,84.83,77.97,8.62,9.6,93.01,6.8,21.14,93.94,15.76,54.94,96.74,51.52,96.55,3.55
4.77,82.43,26.38,42.26,10.52,10.29,98.14,1.41,43.84,67.91,87.95,89.64,37.73,96.38,93.91,8.41,64.3,14.14,73.85,63.81,75.44,53.08,76.72,85.82,32.6,16.64,49.6,40.93,80.79,97.14,79.88,94,53.79,53.57,97.34,95.59,7.25,83.52,13.05,68.45,62.63,78.26,53.79,32.14,60.32,18.24,37.85,3.14,98.79,63.22,72.23,33.43,73.29,64.13,25.43,74.79,18.74,60.66,61.09,37.13,84.01,41.96,18.58,61.06,90.66,16.3,78.12,89.54,75.61,87.59,88.02,81.29,34.22,46.48,54.59,49.87,75.27,56.4,61.5,12.43,1.3,85.76,26.58,14.08,77.89,93.17,74.87,29.81,77.69,96.39,87.38,31.08,54.21,7.03,38.7,20.61,16.95,48.49,17.08,46.79
43.37,55.19,29.51,28.26,78.34,59.69,48.52,72.97,64.15,26.6,43.64,1.73,64.83,48.99,57.52,40.24,50.69,12.99,37.27,12.6,11.88,98.65,21.71,64.28,35.86,69.13,77.78,52.35,3.64,18.51,30.28,59.86,18.28,96.69,56.54,6.28,73.32,3.74,42.41,4.38,54.27,67.79,25.49,49.34,77.7,3.43,29.59,12.18,95.51,34.02,99.53,96,66.71,50.32,25.1,60.3,24.3,17.46,73.04,49.15,4.31,90.11,66.08,40.06,20.99,19.79,31.79,83.12,32.87,8.75,21.99,14.06,93.01,57.32,75.13,68.69,38.89,34.17,28.24,88.3,70.91,95.5,20.38,30.79,11.68,4.94,51.93,86.18,90.98,4.03,99.58,9.04,32.7,43.73,99.29,65.22,10,40.96,2.71,69.4
84.23,20.99,2.17,53.65,34.99,28.46,92.32,88.06,77.3,36.47,37.86,93.18,36.38,53.64,81.01,12.17,19.35,37.89,51.46,87.83,54.5,34.64,52.71,90,21.03,29.57,94.81,54.15,66.9,8.81,16.06,88.08,72.89,9.11,38.78,94.49,90.35,81.86,60.02,42.12,37.64,59.89,52.63,43.15,40.46,3.37,2.04,83.05,86.77,99.68,76.43,37.19,30.8,83.97,78.44,8.57,50.77,74.56,70.36,14.9,75.03,89.84,37.91,22.18,98.84,61.1,20.86,92.73,43.03,94.6,36.92,79.36,70.1,44.74,7.22,37.82,94.67,61.6,42.11,8.99,55.62,50.2,4.56,20.7,23.48,8.61,94.43,59.2,74.59,2.17,17.29,41.66,30.61,17.32,98.45,54.96,39.82,32,5.59,11.89
16.47,42.74,43.21,17.11,54.14,15.18,40.1,30.16,30.69,74.32,31.08,90.38,72.58,25.89,18.79,30.74,23.09,44.7,37.23,28.72,85.78,51.67,31.77,80.66,19.08,82.09,30.07,32.94,10.09,20.91,73.15,69.03,3.74,95.67,17.82,24.84,5.73,88.97,41.41,5.51,85.98,99.4,86.57,85.55,87.8,79.12,41.68,96.25,24.39,37.45,5.56,46.92,14.65,31.83,56.55,2.28,34.66,70.1,92.13,62.08,20.02,87.05,50.59,74.26,49.74,30.52,30.85,64.54,36.9,40.2,24.75,55.27,34.61,85.34,37.21,31.3,65.86,92.18,29.52,91.9,66.42,46.92,75.86,31.42,85.99,93,79.31,15.96,26.47,60.51,98.85,66.84,65.14,17.93,68.02,60.65,63.91,16.18,62.55,66.64
6.38,87.58,24.02,54.81,53.1,43.71,7.73,71.65,36.23,51.5,19.16,7.84,30.79,96.4,12.87,42.62,2.62,89.95,70.61,24.28,59.64,94.4,56.45,11.43,78.24,40.93,40.4,32.14,35.13,32.29,93.53,5,14.37,15.17,69.63,65.02,36.67,96.19,92.87,12,37.92,45.66,4.54,98.05,73.64,26.85,62.65,54.24,28.11,54.11,69.78,35.24,47.03,62.05,23.3,25.54,95.09,46.82,30.73,67.04,13.4,30.65,76.74,16.88,69.33,5.86,33,70.69,93.45,2.02,72.19,8.41,28.39,82.01,19.68,52.03,8.21,60.5,59.38,57.03,83.07,84.88,5.91,24.55,39.49,22.28,39.6,1.98,35,83.74,70.53,93.31,11.66,6.77,26.6,86.87,31.55,79.79,14.04,52.74
79.27,41.81,44.63,70.88,90.43,88.38,35.76,68.46,19.93,49.93,56.16,5.69,37.71,88.04,65.84,7.39,67.76,15.34,4.62,49.69,86.07,45.26,35.32,33.29,84.31,67.87,43.8,58.42,48.47,99.73,59.77,62.55,77.36,35.06,47.65,42.42,55.61,65.33,21.78,33.33,57.65,37.3,95.06,65.75,48.63,10.73,18.02,39.47,93.4,4.64,14.66,55.55,81.09,65.72,50.53,94.99,52.6,20.59,68.48,10.45,70.05,92.76,88.14,25.02,49.26,62.34,95.5,23.63,7.35,16.56,53.86,9,4.18,89.19,9.07,49.05,52.11,15.97,9.18,77.07,84.08,81.73,52.99,87.85,11.06,45.54,21.01,14.4,30.42,62.3,6.88,40.6,99.59,70.6,29.64,39.39,89.26,12.1,87.89,50.2
26.87,24.85,74.85,69.9,20.55,99.29,98.22,21.59,7.27,31.11,31.23,50.93,14.8,84.12,99.81,30.41,53.46,75.74,68.76,78.41,92.63,18.3,44.86,68.86,60.06,87.5,94.64,31.99,54.37,11.38,55.92,24.73,77.72,68.62,27.98,31.38,71.41,29.62,24.53,83.64,18.1,34.24,35.79,31,38.79,46.66,53.79,98.85,9.57,19.65,24.33,88.83,10.14,4.27,49.06,74.65,93.65,58.22,26.43,52.6,79.09,50.89,35.3,17.58,27.5,26.23,54.06,52.04,2.61,81.49,76.24,53.21,81.94,83.5,77.11,98.64,42.4,41.12,25,40.95,18.13,89.83,1.37,93.43,63.24,91.29,8.83,13.18,28.38,28.21,4.04,48.5,17.44,34.51,24.21,34.14,7.82,65.62,71.02,93.61
38.18,72.83,51.9,10.48,52.48,30.45,60.96,13,20.21,65.19,24.45,71.21,70.69,85.44,18.63,67.69,24.66,17.28,27.58,27.48,3.23,84.63,93.36,20.47,47.23,83.3,73.65,34.18,24.19,16.8,11.1,65.59,36.17,90.18,82,79.37,34.39,98.61,64.72,50.29,67.37,49.99,7.3,45.51,11.15,69.8,85.39,72.95,19.83,32.7,9.84,37.08,59.45,12.66,96.06,1.42,57.57,39.02,18.28,6.31,51.29,59.1,44.04,93.83,10.77,83.7,54.92,29.91,76.98,96.63,19.85,34.02,71.53,11.06,24.93,76.5,78.63,12.42,2.44,28.76,25.79,94.07,18.62,94.04,38.86,64.94,76.34,36.75,2.89,87.14,45.13,15.3,53.63,38,31.44,26.3,36.32,83.89,75.91,75.5
2.14,47.76,64.95,68.76,3.51,79.07,4.46,31.89,62.41,56.78,18.98,55.77,60.79,49.97,25.36,72.36,2.21,85.49,3.9,53.4,92.11,74.41,15.81,33.01,92.43,32.55,53.55,5.03,29.63,5.3,10.59,88.51,39.01,64.87,46.91,55.03,32.83,64.32,50.42,68.4,31.74,45.13,11.05,44.21,89.86,63.21,31.31,45.71,8.95,4.73,58.12,48.64,79.44,85.11,64.77,39.76,87.53,86.5,81.73,50.82,97.37,8.86,69.87,56.65,15.17,69.95,84.5,4.67,29.23,27.16,33.27,86.73,11.3,46.73,17.59,17.88,64.49,56.47,78.65,68.32,65.33,13.49,67.94,25.9,12.53,55.91,92.11,55.43,79.61,57.02,95.44,91.25,86.02,87.06,76.5,19.45,70.02,76.36,29.17,25.25
48.31,52.82,65.35,94.74,55.73,82.3,79.51,43.45,73.12,14.61,45.73,77.67,97.82,57.2,63.4,65.48,5.32,68.86,37.03,26.37,24.74,27.36,49.4,46.42,33.54,46.37,31.99,34.84,26.32,25.41,38.88,44.51,34.69,9.16,82.83,44.39,37.49,99.65,94.26,56.8,47.71,19.43,6.34,80.97,42.17,23.35,88.01,63.09,98.04,28.97,26.67,12.8,20.07,58.81,86.08,24.76,30.88,67.8,38.21,22.48,44.01,83.93,29.49,37.7,18.6,9.57,95.59,43.24,21.19,57.41,39.88,20.76,24.13,68.02,37.37,87.8,49.67,76.23,84.72,94.57,97.33,56.42,95.49,89.31,63.39,99.21,77.34,84.05,14.61,99.52,47.7,13.57,20.48,81.54,99.59,19.82,79.98,46.08,50.14,38.79
51.12,91.21,76.45,74.01,80.77,97.72,56.82,87.38,66.95,57.42,53.42,17.82,93,74.1,21.64,42.53,96.01,29.31,76.64,16.18,69.35,31.7,74.32,11.47,27.03,30.06,35.93,55.7,94.83,14.02,49.45,95.53,46.25,90.7,90.25,78.16,26.12,4.3,87.7,68.29,44.08,46.61,61.65,55.53,30.21,64.39,22.06,61.85,22.16,82.17,10.48,75.08,54.61,87.44,48.3,45.73,48.16,8.64,99.19,23.37,97.81,25.19,12.68,40.22,61.12,83.36,5.04,43.84,55.95,13.06,99.77,45.24,80.35,34.15,18.45,58.4,69.78,74.7,86.48,31.85,13.89,81.09,8.82,26.19,16.27,20.17,6.99,8.43,57.24,7.13,10.05,42.39,74.68,31.71,75.39,49.81,16.75,62.96,25.86,64.21
10.8,55.23,91.18,41.14,68.3,52.05,17.61,26.18,95.84,76.46,35.2,40.86,56.78,66.5,13.59,29.98,93.14,46.02,67.89,68.02,33.75,73.79,11.12,25.88,62.98,83.05,34.8,50.84,84.02,22.86,19.79,66.04,18.69,41.17,66.28,18.34,56.38,73.93,32.5,61.86,38.73,75.89,68.59,87.89,52.06,32.08,79.06,74.24,54.18,59.56,22.22,27.29,78.05,82.35,51.96,61.34,29.54,26.18,11.46,73.2,21.15,30.14,52.01,48.04,11.84,54.5,96.51,46.55,12.2,58.16,1.38,77.43,86.59,43.82,75.46,71.7,11.3,9.59,90.3,82.69,32.64,81.19,62.67,96.84,92.64,7,34.27,47.48,47.2,57.32,56.71,47.1,70.91,44.76,40.76,78.82,8.72,39.42,85.97,31.58
5.44,54.96,63.8,28.14,55.61,22.58,58.36,9.7,68.24,12.34,69.55,14.81,56.1,45.93,40.01,12.61,12.09,72.4,73.28,2.81,47.22,97.84,58.38,79.13,87.54,87.84,37.22,78.71,42.06,74.74,36.66,97.28,9.98,38.64,15.92,82.86,48.08,73.52,33.3,73.31,11.86,48.17,87.8,11.29,49.38,47.66,51.66,54.47,22.04,84.46,7.24,23.51,41.23,51.12,55.27,5.05,8.97,86.72,88.04,86.48,87.32,62.67,74.16,41.35,70.79,45.9,34.14,78.68,69.71,15.27,62.66,76.64,64.01,5.18,43.25,78.06,55.5,57.02,50.93,38.76,70.87,44.06,56.05,94.82,57.94,18,15.05,38.77,32.36,96.37,22.74,39.88,7.46,77.18,43.88,2.7,38.67,30.07,77.57,52.38
89.21,19.04,47.16,56.27,61.14,17.26,84.31,28.42,51,77.02,13.77,40.18,97.74,5.04,58.61,80.86,20.71,53.66,35.6,91.75,47.29,39.79,49.86,34.14,91.36,81.19,14.92,50.53,30.35,41.51,28.11,46.42,6.68,71.46,58.38,35.86,56.01,71.22,48.96,40.21,34.01,37.95,91.43,34.16,43.85,45.07,83.43,84.82,8.39,76.08,20.21,96.63,1.65,98.28,54.05,27.64,57.89,25.11,56.25,65.45,20.09,53.3,7.55,66.62,80.41,91.96,37.02,26.68,8.92,59.78,56.8,35.63,47.91,64.72,84.13,68.16,37.76,87.15,85.07,88.13,36.23,20.78,52.97,13.83,52.28,58.22,94.26,38.38,24.05,11.76,40.06,6.75,32.96,10.09,10.54,13.01,13.02,8.11,97.35,87.44
87.84,15.46,48.16,55.11,49.93,93.6,16.67,67.42,65.11,21.33,42.7,35.01,40.93,42.19,7.77,31,44.67,70.04,86.85,39.85,24.2,78.54,31.91,23.43,12.78,80.95,35.75,44.07,35.75,44.36,58.19,3.89,5.74,73.7,34.17,80.64,52.34,21.43,43.01,35.52,11.42,58.11,13.19,33.21,41.74,37.01,12.21,7.2,16.83,21.35,52.8,80.16,45.9,62.95,26.9,70.61,1.57,50.76,54.64,13.71,32.59,11.97,96.07,44.24,33.59,52.64,94.57,38.13,86.68,77.59,95.07,1.14,1.53,88.94,58.63,92.04,54.3,87.88,9.3,68.66,55.44,84.82,29.23,34.04,70.28,34.75,14.25,5.34,25.1,79.03,97.3,84.8,57.72,39.32,53.27,37.99,36.16,82.98,79.09,23.24
65.77,18.56,93.19,6.68,73.63,38.14,62.89,63.23,35.68,13.42,68.26,88.02,55.61,90.37,90.62,60.92,24.9,94.11,25.33,49.48,11.67,84.45,49.94,11.56,91.37,77.27,76.49,79.01,31.41,57.36,33.14,21.58,32.84,19.31,96.51,99.49,65.76,9.67,89.42,67.83,86.84,52.54,58.66,99.15,76.29,58.27,60.98,89.96,96.49,60.84,37.99,92.1,61.11,58.88,7.16,54.09,23.79,83.61,29.79,34.13,96.58,18.43,21.13,52.62,7.69,44.68,98.65,86.88,85.63,67.16,66.77,95.17,60.95,84.8,61.28,67.35,13.68,1.02,37.02,8.44,95.44,87.37,64.82,62.45,16.41,82.46,98.62,55.95,37.29,16.2,42.98,98,90.96,24.64,23.84,63.47,33.65,39.07,93.76,34.39
32.07,29.95,60.34,8.08,91.5,55.82,10.24,9.49,27.08,32.46,45.23,29.73,37.93,89.83,25.32,58.38,90.58,96.27,61.89,76.43,58.92,29.03,18.61,16.22,25.94,77.29,14.45,23.4,58.35,32.21,35.58,82.28,94.51,55.02,9,2.37,79.64,29.86,87.49,82.26,17.38,98.16,37.95,81.91,38.92,35.6,33.01,28.21,14.78,98.42,42.67,15.29,52.52,57.29,81.63,74.13,95.01,61.76,33.3,48.87,25.81,71.35,56.48,87.22,14.38,32.15,32.47,8.35,37.21,24.69,47.32,58.47,70.8,91.88,58.29,4.11,67.17,49.7,38.83,96.02,1.57,82.56,78.73,12.48,9.72,27.4,73.04,20.66,12.09,52.48,95.22,3.12,59.02,30.2,85.97,88.15,29.56,21.82,23.35,10.43
74.78,11.14,93.17,73.94,65.86,30.6,37.9,43.97,35.87,43.52,61.56,11.31,86.57,28.02,83.29,9.04,9.68,75.94,76.86,67.99,72.7,29.42,50.33,45.94,26.18,13.79,30.97,59.65,44.4,11.69,75.64,17.62,95.76,66.4,61.81,80.09,66.1,52.38,18.68,13.26,78.3,52.97,94.93,51.45,74.07,33.03,50.8,96.37,67.92,22.89,75.77,60.36,99.75,34.5,59.06,82.41,92.6,91.5,61.03,91.3,86.69,76.06,40.36,26.85,10.99,68.17,12.52,73.42,67.13,87.17,31.02,89.92,76.74,62.27,64.11,5.39,63.85,74.01,15.57,49.48,7.05,11.13,84.12,78.56,96.61,45.91,73.06,23.27,42.11,86.57,90.94,17.97,55.48,44.94,31.92,96.14,67.88,48.08,24.36,47.4
23.77,71.17,36.18,40.86,60,18.82,49.89,1.95,54.45,29.56,36.81,45.03,89.4,45.19,61.25,26.9,11.5,45.84,72.08,17.08,35.88,36.5,72.45,49.08,64.5,34.39,60.69,53.37,51.93,81.17,62.74,17.33,21.96,33.8,96.14,62.19,27.36,43.35,41.95,8.63,25.53,1.55,50.02,14.84,68.69,93.24,58.11,72.13,15.51,1.48,11.31,85.4,55.1,47.11,41.84,85.87,46.91,22.65,5.96,39.85,7.07,91.56,20.25,50.95,84.72,79.01,11.11,11.16,26.15,7.82,79.42,64.55,79.3,65.21,8.63,30.05,22.35,54.16,32.46,73.26,13.67,69.33,10.52,99.74,85.74,87.85,28.59,95.2,2.44,46.63,91.09,19.82,93.42,72.97,66.8,49.97,12.59,47.68,17.17,20.92
99.57,2.23,33.91,73.25,12.35,72.08,7.4,97.21,20.41,26.8,85.13,48.63,98.53,1.69,26.59,87.95,58.93,51.7,74.78,30.75,32.25,72.39,79.28,62.39,67.95,87.13,49.05,28.93,13.92,44.87,94.9,24.66,30.07,39.73,21.88,85.84,28.73,41.49,77.56,38.14,78.81,94.59,59.56,3.34,29.69,19.76,32.09,91.3,41.06,58.6,82.86,81.68,41.09,84,67.38,86.12,87.56,28.93,24.03,73.69,18.94,65.14,79.13,53.11,27.23,15.27,94.64,6.05,41.44,36.11,87.44,3.76,2.39,11.79,36.83,2.09,33.72,22.65,65.23,84.81,8.69,20,11.69,98.33,97.46,71.65,16.16,19.52,28.81,61.64,88.78,29.14,26.2,66.96,66.8,73.38,56.69,65.24,19.53,62.93
68.74,53.94,23.71,87.66,24.72,93.11,53.83,49.66,94.55,14.26,7.49,67.61,6.86,93.97,20.39,60.04,71.78,16.77,67.05,90.72,38.55,74.69,52.89,20.43,30.39,86.6,73.35,82.26,60.95,24.51,14.93,72.81,72.26,22.44,20.13,75.12,70.2,68.18,71.06,17.26,47.11,1.29,67.81,82.37,11.35,19.76,96.8,74.53,62.5,76.04,7.23,56.31,85.49,18.26,17.33,99.95,98.9,49.41,26.07,18.96,85.22,68.01,57.18,91.51,67.73,10.11,57.65,63.51,8.11,63.95,91.33,56.96,99.04,18.34,9.3,22.87,18.45,55.07,18.95,50.42,89.9,13.08,21.6,90.11,32.91,97.7,13.86,16.68,11.73,39.73,78.89,42.35,50.82,49.14,40.84,96.54,28.1,61.81,19.19,18.4
91.69,5.21,19.16,97.9,99.31,1.05,56.04,61.91,79.75,20.54,49.03,15.59,45.77,87.42,63.78,84.69,27.27,36.95,81.27,13.71,62.5,6.14,61.4,35.21,79.51,79.43,95.59,52.51,70.31,95.85,33.21,96.33,17.11,82.56,70.57,50.67,8.31,17.85,99.59,42.96,29.46,22.66,7.3,45.18,73.22,68.71,33.03,94.46,81.6,80.02,53.31,8.75,31.53,73.65,59.28,7.01,60.57,23.73,79.95,88.7,54.08,8.6,99.72,14.89,3.43,23.21,7.1,63.38,67.4,32.73,99.3,23.86,64.59,98.22,88.11,19.54,40.41,78.12,67.25,67.35,82.01,80.69,93.15,97.81,48.66,35.55,9.13,22.03,75.31,23.75,14.14,90.19,13.21,30.87,28.33,16.56,77.59,10.93,85.12,40.01
52.56,36.76,8.35,28.55,62.73,23.83,73.12,52.95,15.78,88.07,48.57,69.06,92.96,88.05,4.08,85.63,34.8,73.92,48.48,69.01,81.13,65.38,16.97,73.44,77.95,2.98,60.43,26.3,15.15,6.17,44.15,48.97,50.98,32.39,87.54,37.47,84.32,61.81,96.55,89.15,60.07,49.44,37.48,67.09,32.62,88.88,93.06,53.21,99.25,70.67,4.56,4.15,20.42,40.7,47.21,25.46,96.74,40.13,85.93,67.68,75.81,10.44,35.77,83.79,89.9,58.5,15.83,91.61,44.73,13.18,52.46,32.92,94.07,1.21,61.29,59.92,12.35,71.04,51.58,24.63,41.53,52.84,17.37,73.66,17.31,44.69,89.99,20.96,42.59,50.51,28.24,75.76,18.13,11.59,94.36,63.98,71.92,25.62,88.72,32.37
12.46,46.92,12.66,43.49,93.64,94.6,31.88,93.91,85.26,63.38,42.12,36.92,46.86,84.02,44.26,3.67,25.89,71.91,30.06,83.37,2.56,45.79,84.07,15.91,32.25,62.35,85.25,89.03,29.38,49.23,94.35,51.25,31.75,16.19,27.66,1.58,3.21,43.38,26.73,53.41,29.91,68.93,44.04,57.43,9.34,17.73,30.6,86.6,74.83,13.38,6.52,92.02,82.45,40.7,9.45,88.52,13,8.68,58.06,13.6,50.18,69.79,22.14,71.49,33.85,11.86,40.44,27.54,72.61,67.47,87.66,29.18,85.57,4.21,77.63,85.29,85.07,30.34,89.97,32.79,24.18,43.86,24.93,12.87,88.6,60.34,36.9,69.83,94.83,11.39,15.51,77.88,58.62,35.57,28.41,3.51,21.77,70.45,96.4,51.06
96.45,2.23,91.99,1.08,44.41,40.48,29.96,93.34,21.84,43.49,57.71,59.59,60.77,78.35,23.62,60.75,73.74,10.02,13.74,22.43,39.66,42.84,6.92,63.81,53.6,3.6,89.73,94.16,42.51,33.02,71.81,44.46,23.09,14.76,60.97,51.65,95.06,65.17,39.55,28.06,96.18,63.55,93.92,26.65,66.2,6.55,6.85,13.64,20.09,89.42,91.96,35.94,60.59,40.12,52.82,8.66,98.29,58.97,20.95,63.23,68.14,17.15,9.62,60.05,12.84,18.18,69.72,34.4,8.12,96.84,60.87,69.84,19.02,62.67,46.92,33.5,35.37,42.15,87.38,52.42,18.16,23.41,18.12,69.93,23.22,25.42,61.3,16.75,54.96,44.32,73.66,34.23,56.87,9.72,60.58,18.41,20.07,69.05,21.81,53.85
98.27,80.95,55.14,55.74,95.64,67.15,52.31,87.11,38.7,18.23,35.06,8.91,61.23,66.47,46.65,56.89,92.89,17.74,37.52,91.59,53.89,25.83,58.62,62.5,54.85,94.2,70.45,78.46,96.85,76.02,2.52,53.88,54.81,24.86,38.37,48.69,28.66,84.8,82.17,44.9,31.34,65.61,98.01,80.2,73.41,71.64,38.35,40.1,54.5,70.91,73.38,80.27,43.39,72.62,44.14,57.43,32.25,99.16,26.37,31.08,4.96,9.97,36.63,15.8,4.69,41.16,84.28,13.3,29.12,51.04,77.73,15.96,46.64,7.1,51.97,53.1,78.6,81.08,97.36,33.27,5.7,22.08,64.46,74.84,58.57,12.09,68.83,51.95,22.67,36.57,70.24,27.52,55.01,17.71,64.31,12.89,76.55,21.03,90.49,11.45
55.98,95.18,22.61,51.04,16.5,50.28,78.12,95.4,54.52,25.92,31.04,50.45,46.52,82.74,18.58,38.59,70.69,15.83,84.34,36.46,80.57,94.22,72.42,77.3,8.79,49.5,31.42,47,63.22,64.88,28.11,87.45,99.2,23.53,52.05,82.09,95,47.78,83.67,12.69,48.98,91.74,42.58,57.86,96.36,56.64,20.47,24.74,85.59,52.87,12.7,1.33,51.54,20.98,18.4,86.43,87.91,94.83,16.65,22.39,87.08,12.16,11.35,14.41,27.29,83.7,53.53,13.63,70.52,77.95,61.97,64.14,60.18,54.1,64.74,99.1,64.03,35.74,96.43,29.01,11.69,30.14,65.36,75.16,14.66,78.72,28.77,13.51,72.83,94.35,99.13,45.65,20.13,52.51,58.52,17.64,3.54,32.48,44.96,40.55
43.3,82.35,29.56,98.91,6.27,41.28,32.16,52.66,55.86,14.23,63.07,38.86,28.11,52.22,25.45,73.67,46.19,15.23,21.13,51.63,1.06,82.87,74.11,19.23,71.89,41.86,52.83,15.33,13.8,59.69,93.17,99.46,42.66,63.72,68.66,78.93,55.9,45.05,14.51,85.83,16.96,77.7,47.51,68.18,86.69,18.61,5.63,75.38,55.16,41.67,86.33,60.6,21.13,50.19,17.87,98.72,49.94,75.53,33.18,91.83,89.4,14.24,50.33,34.23,56.96,36.82,97.42,14.66,26.01,19.79,82.93,24.24,76.06,5.37,44.33,22.54,87.47,94.94,90.01,16.9,85.34,26.81,36.76,74.46,86.02,28.48,33.82,28.66,37.58,86.04,15.56,85.17,27.14,62.02,46.86,33.93,85.25,67.99,84.39,82.66
9.33,25.18,91.58,79.11,63.81,39.93,63.87,89.93,84.46,36,13.35,44.9,67.73,4.46,18.56,13.8,68.27,21.98,40.7,31.31,28.14,57.58,56.54,8.18,54.2,90.87,41.64,25.27,22.82,48.23,72.6,4.32,33.07,64.39,35.27,50.78,20.97,47.85,89.12,35.25,44.69,16.66,87.52,62.05,76.77,43.19,95.26,12.04,2.55,16.08,48.17,29.97,22.15,97.76,74.29,63.71,45.51,62.13,15.25,88.25,91.65,68.88,61.04,66.98,66.65,40.94,84.39,40.13,22.33,12.32,4.82,80.39,68.95,70.82,86.79,66.34,63.21,67.96,82.2,72.19,95.61,15.81,84.83,42.39,21.5,97.1,7.37,59.12,90.43,87.06,88.49,1.64,80.15,70.56,15.18,15.01,27.81,36.03,25.26,48.55
57.59,57.57,28.87,99.03,13.07,87.93,54.9,63.51,29.01,7.66,90.27,77.31,7.3,79.86,85.64,27.84,21.24,38.48,92.56,66.34,8.76,29.85,55.54,37.59,72.24,80.61,4.34,19.95,32.22,71.99,10.73,47.91,83.74,72.33,1.18,39.72,62.65,21.64,34.95,84.28,28.82,97.18,78.53,64.17,7.51,85.91,7.51,93.65,68.03,8.08,92.17,5.77,45.73,41.29,16.74,40.2,87.54,20.18,70.75,11.22,53.21,81.28,82.87,12.13,53.33,77.19,65.12,8.7,86.43,24.68,3.97,77.81,51.41,82.74,9.89,2.17,66.38,92.93,69.46,17.74,55.88,33.48,98.52,48.14,68.2,18.09,84.01,48.64,17.53,70.12,27.11,9.73,11.97,36.97,52.69,68.94,29.62,86.4,19.74,11.46
49.89,41.21,62.2,14.95,69.91,39.06,14.79,65.11,80.16,47.89,45.13,57.92,26.31,45.93,71.04,68.35,11.68,44.4,77.2,65.4,53.73,77.77,2.42,60.08,69.62,33.87,71.62,56.53,41.56,55.86,39.34,85.77,94.43,79.12,8.4,91.84,66.25,28.76,80.28,20.5,28.42,85.98,70.44,77.99,88.41,15.61,32.44,40.51,85.09,81.39,21.59,56.21,22.45,91.19,39.45,55.85,63.88,77.99,63.42,93.41,67.78,89.4,93.7,13.85,44.14,47.09,25.25,15,50.08,93.87,28.04,96.23,99.84,78.05,58.58,98.71,75.95,24.69,9.77,81.89,52.6,31.37,68.5,47.71,86.05,55.11,55.88,35.72,36.21,85.39,90.91,62.92,55.74,88.45,73.32,11.5,51.51,27.85,25.1,97.5
33.99,82.4,65.64,91.67,72.37,53.88,18.24,33.55,31.74,75.11,3.59,84.77,2.4,96,3.78,26.22,79.27,11.82,51.1,56.49,77.51,48.2,71.97,41.06,46.72,58.67,89.35,28.18,88.54,4.13,24.63,69.09,82.45,62.1,47.34,57.88,43,68.17,93.83,39.2,63.99,59.7,60.02,32.48,65.19,51.12,15.71,18.13,31.95,61.23,48.16,55.61,43.83,33.96,54.91,39.33,13.3,93.88,77.38,49.76,31.74,34.57,44.5,20.74,99.81,6.52,1.65,19.14,23.98,63.44,50.83,28.95,88.7,41.87,69.87,56.99,50.08,89.8,3.89,1.54,69.61,79.98,59.76,68.87,58.39,4.66,13.12,90.34,48.92,84.7,13.32,51.13,77.43,76.59,80.79,77.21,73.17,42.48,8.13,58.36
36.66,95.54,83.87,86.28,67.94,74.24,82.78,56.17,34.9,84.26,71.68,50.45,34.56,6.93,92.58,33.05,89.09,37.55,36.36,53.03,76.39,85.61,45.67,62.86,20.6,30.07,76.75,96.32,34.42,59.95,96.48,78.53,59.72,83.63,28.27,46.08,76.01,80.45,64.64,64.32,31.23,38.48,6.76,97.97,25.59,35.08,94.44,57.87,92.91,8.96,50.79,65.82,73.38,75.35,57.22,84.1,1.01,79.9,18.41,35.55,68.61,34.93,56.56,15.02,4.56,27.62,58.36,39.78,80.1,39.97,99.81,46.03,94.15,3.42,53.83,32.71,91.9,31.87,3.2,73.97,19.21,44.91,46.99,9.16,92.66,22.74,73.93,81.73,97.49,76.04,19.56,90.87,44.13,81.5,90.28,74.25,54.42,68.75,78.52,90.75
9.04,99.08,72.5,41.88,18.26,39.39,19.67,50.71,74.2,94.82,27.67,85.55,60.78,59.58,38.64,26.29,91.22,51.49,53.47,59.55,91.73,10.54,55.06,66.78,70.45,42.58,42.82,39.51,38.72,38,96.22,35.31,35.27,20.61,4.73,7.5,72.54,37.31,46.54,66.91,77.72,18.74,72.8,82.95,41.27,14.35,63.87,74.55,76.41,23.46,91.87,95.46,99.5,57.23,6.76,23.66,88.38,72.39,15.7,76.01,84.91,53.08,84.11,40.85,38.45,87.91,80.28,62.72,24.74,1.84,61.09,81.06,34.32,31.41,96.05,90.65,11.45,55.3,77.12,93.3,37.92,75.07,96.65,90.06,79.71,91.41,12.9,88.11,52.03,16.03,85.29,37.12,83.97,11.33,75.86,9.55,27.09,61.27,43.84,16.48
89.2,35.41,37.06,9.89,37.08,66.84,44.76,55.68,82.06,34.58,47.28,57.64,78.13,27.86,49.63,44.48,67.48,77.54,95.03,82.44,21.6,49.51,74.03,16.43,76.59,83.53,64.27,82.05,95.91,68.84,2.06,31.57,40.63,72.38,58.84,66.31,67.97,72.41,9.84,33.72,82.53,58.25,14.23,70.81,75.8,77.82,76.12,14.56,72.65,37.59,51.84,79.65,43.73,64.87,91.02,61.31,83.94,6.56,33.63,34.28,88.1,23.2,48.41,57.84,13.26,91.68,64.84,72.44,46.09,34.2,9.46,73.78,98.3,21.06,35.67,6.21,97.61,71.76,54.63,51.73,26.98,21.69,50.6,34.89,18.41,16.76,78.13,88.19,47.86,73.92,78.94,56.85,50.14,82.76,44.73,36.1,49.92,9.09,30.71,56.89
66.88,48.6,73.96,24.29,14.57,83.98,32.17,84.86,3.66,4.88,79.48,76.71,52.25,85.13,1.99,34.77,5.63,15.86,12.38,1.73,37.72,78.55,35.79,71.03,4.3,65.93,41.69,64.98,13.95,55.55,17.49,89.65,16.16,71.96,53.88,87.78,86.01,14.29,74.53,42.1,12.11,80.28,78.69,62.46,66.68,29.1,86.7,81.65,29.89,70.43,95.05,9.71,59.87,25.73,38.56,15.02,16.24,84.82,27.51,19.67,23.02,14.24,16.24,7.1,11.05,14.87,91.72,43.49,55.52,37.29,79.88,31.85,67.94,73.16,7.79,58.93,65.56,21.23,17.2,70.08,33.45,83.08,95.99,93.05,78.47,30.25,76.32,93.52,58.78,89.74,98.62,21.67,76.64,75.74,58.18,71.59,36.9,96.56,51.31,53.79
75.48,90.41,6.94,25.84,21.71,54.01,31.07,53.62,47.7,34.73,51.26,16.45,5.98,91.51,82.85,52.97,30.83,85.4,71.27,89.18,20.47,47.45,90.81,3.55,39.86,76.71,22.63,59.49,1.43,89.8,32.46,84.32,9.88,56.53,9.61,25.67,95.71,76.8,73.69,74.71,41.84,32.14,92.68,27.34,9.82,14.6,50.91,24.47,76.63,80.89,33.29,65.53,8.91,69.36,15.58,81.74,71.45,1.3,47.62,34.35,79.3,90.48,70.88,49.17,15.11,47.39,4.74,43.64,97.95,20.79,74.12,86.98,62.57,14.45,49.41,86.14,3.76,64.13,63.07,44.61,33.72,40.65,33.29,23.23,81.33,86.89,9.75,2.24,74.85,35.98,25.25,81.08,37.55,76.48,84.23,10.24,1.82,67.5,46.45,20.01
70.5,69.23,79.34,52.56,58.43,64.73,69.88,91.84,48.71,33.61,64.08,81.21,86.59,99.77,90.8,44.96,45.92,78.39,62.59,77.52,10.56,75.43,62.81,31.11,90.47,93.82,21.36,68.54,9.51,55.91,46.61,79.35,91.94,77.45,50.38,36.95,60.97,36.9,60.77,47.29,34.54,92.44,91.08,51.46,41.95,92.13,59.25,98.66,64.91,57.62,4.23,19.82,2.86,41.7,38.82,81.55,95.12,65.57,71.37,21.95,22.15,2.76,13.25,91.23,50.73,27.52,32.53,75.47,69.67,93.41,28.83,30.52,62.41,67.53,66.75,96.94,86.73,64.4,12.93,20.87,26.73,72.53,60.87,29.55,66.5,55.14,85.67,70.61,14.75,64.39,83.73,69.77,5.39,49.85,68.89,83.71,55.73,16.62,17.06,19.12
41.57,93.74,32.76,89.66,32.13,23.28,30.31,89.54,83.32,69.88,99.57,42.47,16.33,93.89,36.45,13.59,46.72,38.35,78.55,21.26,87.58,22.48,3.47,84.14,46.26,95.23,77.76,14.95,99.63,60.91,47.68,47.12,48.74,98.77,10.55,49.66,66.05,7.53,92.41,51.44,27.12,82.8,82.38,55.89,12.3,32.58,37.48,38.02,96.41,71.32,19.2,41.79,5.16,27.88,40.95,88.9,2.01,29.26,95.07,49.7,68.87,16,73.84,98.63,1.56,94.05,11.29,26.79,6.52,92.46,11.58,54.87,80.41,33.84,30.19,86.04,64.81,21.52,99.05,25.22,56.04,1.54,66.45,43.16,47.33,8.18,65.48,2.07,96.87,76.82,93.57,63.93,11.92,93.41,29.18,88.3,78.59,58.42,67.57,65.76
40.99,90.71,64.04,85.88,53.07,87.4,47.28,17.65,24.76,68.22,18.68,90.94,14.1,60.51,81.85,66.88,22.16,36.49,99.15,11.69,83.05,15.28,7.18,24.51,17.02,61.38,28.91,7.32,91.29,26.5,67.08,18.07,75.93,22.12,29.99,9.6,86.17,11.33,81.7,39.01,63.25,2.68,27.29,46.66,24.29,9.11,80.36,27.13,4.88,75.56,47.07,4.34,57.95,96.6,15.19,9.7,45.69,73.2,82.35,9.25,58.47,80.61,58.64,13.64,53.46,52.26,52.49,69.14,62.32,84.93,8.35,83.91,7.92,50.77,31.96,4.08,53.4,19.52,45.79,4.2,23.24,44.76,24.26,74.53,36.51,63.71,93.07,28.72,20.04,42.57,68.45,42.3,68.93,22.46,63.54,14.84,46.14,75.76,30.95,5.32
78.87,84.37,64.46,72.71,40.62,35.79,92.93,39.58,71.36,97.03,45.78,96.86,14.13,78.3,48.11,73.15,85.04,88.23,49.77,37.38,26.52,14.54,2.1,70.71,96.36,96.88,24.14,59.42,31.07,69.15,81,47.96,5.48,85.42,83.82,9.16,60.08,51.79,58.09,72.16,47.85,28.51,59.73,95.8,2.93,71.25,1.24,49.27,55.19,99.96,35.21,87.73,97.7,2.85,86.09,33.52,66.15,18.35,34.79,29.39,35.48,5.77,25.7,67.67,75.33,38.02,83.12,56.99,6.92,4.13,73.46,29.32,10.8,6.42,66.18,77.85,23.86,40.59,96.06,28.61,10.6,18.99,75.09,97.17,14.23,69.96,45.62,62.43,34.28,96.32,72.25,95.96,37.02,65.71,10.67,50.33,58.06,25.19,52.09,27.9
96.72,44.37,96,96.6,55.21,78.45,55.66,76.43,97.27,40.01,30.82,6.97,35.41,58.29,67.66,85.03,59.76,90.77,9.29,88.73,23.15,97.41,6.09,23.83,56.65,16.54,28.61,77.67,67.45,36.8,99.29,98.37,15.63,10.56,79.98,86.78,54.18,18.05,83.71,26.45,97.75,59.41,80.24,96.59,68.16,54.94,74.93,41.3,66.32,43.51,82.98,65.72,53.32,42.74,82.19,95.34,13.58,42.37,16.89,25.35,26.79,35.43,90.84,9.81,48.75,38.43,13.07,51.2,2.54,93.83,64.52,77.62,79.63,32.72,34.2,19.56,23.17,32.95,19.25,15.22,89.8,31.55,27.15,83.24,12.17,30.3,30.59,15.3,49.96,18.15,29.54,77.62,40.94,59.37,8.79,64.96,14.25,15.64,82.05,5.55
82.05,49.47,97.1,3.98,14.62,27.25,74.91,5.47,99.02,92.11,36.17,3.41,92.03,93.32,55.3,73.99,80.39,74.55,24.56,85.34,18.65,86.73,28.53,76.91,88.75,29.22,85.78,34.66,56.14,36.5,75.75,22.22,84.96,80.1,40.1,59.07,3.43,84.93,36.58,61.37,25.67,70.93,10.61,4.06,60.7,80.61,25.48,72.8,35.23,46.09,45.86,54.61,17.81,73.15,68.23,99.89,55.42,68.8,29.24,1.98,97.08,34.62,24.31,39.89,42.59,16.55,55.81,42.84,5.32,17.03,24.93,45.05,51.71,82.61,28.01,62.4,92.5,14.74,22.77,55.5,53.03,20.77,83.16,48.54,60.99,76.2,22.91,80.84,13.79,18.33,11.47,31.1,24.27,35.27,15.78,75.95,6.7,21.62,77.96,60.69
35.9,15.3,78.39,81.82,15.46,50.93,5.43,54.31,77.4,39.42,4.35,16.52,36.89,17.73,20.35,8.43,29.41,66,52.46,86.83,49.04,46,44.92,80.13,66.12,60.29,79.36,95.65,8.95,28.96,48.46,25.26,23.22,55.83,73.31,34.21,23.58,21.95,17.36,75.07,34.44,56.3,40.09,34.43,65.22,70.57,52.71,99.72,70.29,14.94,91.05,38.02,20.74,68.85,17.64,40,54.8,17.46,88.79,47.48,4.13,72.1,77.87,67.37,61.53,8.39,86.66,31.82,52.1,70.31,16.43,2.82,54.42,29.24,19.84,65.67,90.01,83.04,8.97,18.07,43.96,64.01,36.95,17.55,70.37,47.34,78.16,93.39,57.56,20.63,20.33,74.8,43.86,8.82,68.01,19.84,87.22,40.38,85.31,33
27.52,36.34,20.51,55.01,15,31.69,28.68,21.55,80.52,85.94,7.71,15.84,48.73,28.07,48.95,63.56,66.47,67.73,96.4,90.27,35.19,2.76,56.1,29.69,4.08,31.87,63,69.77,17.82,16.06,26.51,62.15,20.59,4.55,49.38,90.48,69.71,95.43,84.55,60.81,49.96,12.09,43.49,30.57,84.15,72.04,83.15,60.32,2.36,5.55,87.83,30.54,46.8,27.28,68.57,23.57,54.56,30.37,71.08,34.75,42.18,89.91,7.04,30.55,6.88,36.01,9.07,76.66,79.96,87.09,14.27,82.61,98.6,92.34,75.26,3.62,95.44,25.2,81.12,55.32,38.3,29.21,78.15,99.98,23.93,91.07,18.54,11.34,74.53,46.83,17.71,70.89,92.52,83.13,87.8,25.4,53.73,82.31,92.15,96.7
28.07,84.32,24.8,54.34,79.64,52.53,45.86,80.09,49.78,66.47,70.81,88.65,48.76,71.95,87.57,34.36,71.28,78.38,71.55,38.58,33.31,17.08,12.97,67.02,90.11,16.95,83.85,51.28,15.17,61.61,92.32,45.25,62.37,25.99,40.94,15.6,65.4,9.67,33.61,31.74,63.97,34.3,25.63,11.1,55.38,33.42,21.63,90.26,64.08,19.79,60.4,46.06,63.61,33.4,46.9,87.04,24.1,8.06,79.54,79.86,77.43,27.98,27.03,56.16,4.3,6.63,43.52,73.25,56.56,64.33,34.25,31.43,12.95,87.39,83.44,40.71,66.75,22.81,34.84,12.35,5.09,9.35,42.5,56.75,35.04,81.68,20.93,42.59,52.19,52.67,40.53,87.97,50.54,42.11,73.72,63.96,22.7,34.57,2.58,48.29
18.11,71.49,42.79,93.6,1.02,53.16,60.16,52.18,18.58,87.04,93.65,56.98,10.85,27.37,94.88,11.45,31.46,11,67.43,65.84,78.02,18.4,87.09,76.09,26.25,69.51,6.23,43.16,53.54,55.9,87.17,85.15,44.36,27.27,31.52,8.94,36.52,42.53,55.35,91.15,17.24,35.91,78.47,75.5,53.6,12.51,1.4,66.69,93.19,49.74,78.84,10.89,88.32,44.2,13.28,91.14,17.5,5.58,35.07,75.86,95.24,43.65,53.15,85.47,92.14,77.65,37.21,3.49,24.61,12.92,8.05,60.64,70.02,10.64,92.33,26.43,58.15,87.46,60.01,38.48,26.97,46.7,63.79,30.57,55.43,44.79,55.68,58.55,81.55,41.56,64.9,10.63,60.23,79.81,64.19,89.37,26.01,75.32,27.83,99.02
35.48,27.49,65.39,83.57,86.34,71.67,31.45,46.1,34.84,65.71,92.03,39.76,39.26,5.62,87.52,40.76,69.58,14.97,78.01,18.57,18.61,69.02,89.58,47.6,21.32,55.09,16.01,90.72,20.97,59.65,53.2,27.74,50.29,69.79,67.58,73.49,66.35,6.17,34.38,23.7,86.22,59.93,73.87,67.44,99.67,82.31,18.79,73.01,62.02,75.68,21.79,49.27,10.25,13.24,69.51,44.46,43.49,6.91,56.8,70.86,53.08,56.72,42.17,30.3,13.26,9.41,8.48,14.59,59.83,44.58,91.12,40.9,35.13,40.14,35.52,26.34,48.17,44.16,30.15,25.5,12.81,82.98,85.04,92.99,21.6,67.01,86.16,77.38,64.91,97.43,61.62,82.72,67.87,62.9,31.37,61.93,84.17,19.65,93.58,24.79
10.65,22.96,26.56,6.56,59.89,44.41,30.54,22.99,64.06,62.49,12.65,47.24,57.99,38.87,38.77,24.65,3.21,90.55,35.83,13.65,83.58,19.38,92.78,40.79,20.61,87.17,18.73,64.55,73.77,51.63,83.97,68.29,9.09,63.21,61.65,82.17,91.66,79.04,27.84,28.48,53.35,95.66,23.4,36.68,16.35,48.52,48.75,9.11,11.63,76.36,25.88,94.54,91.95,29.57,81.15,76.72,2.84,79.89,36.29,37.74,15.74,20.42,52.56,94.96,56.77,78.78,43.09,70.8,97.58,46.01,73.46,44.17,63.84,72.92,14.33,47.11,10.63,24.95,97.22,11.87,34.79,45.58,49.44,86.15,70.72,32.62,81.87,47.91,31.22,14.62,58.54,28.42,42.04,99.93,98.24,99.88,93.43,36.72,99.61,29.51
77.42,68.32,31.85,92.87,6.77,22.32,86.96,66.42,23.24,14.91,24.34,69.82,42.08,21.67,89.23,55.87,14.92,56.95,28.02,37.29,83.42,13.53,57.17,8.25,75.9,40.78,31.03,61.33,37.14,61.42,84.71,1.19,36.14,74.6,39.29,61.1,14.43,40.6,2.91,59.43,58.32,96.92,46.13,30.63,81.59,86.38,84.71,26.77,81.73,97.24,21.89,25.23,9.05,78.68,46.42,34.08,44.5,46.48,81.81,75.42,27.4,98.19,80.56,19.7,27.09,49.02,27.29,67.32,61.47,3.88,42.7,88.36,7.42,22.14,58.31,17.49,53.89,2.77,73.49,84.87,74.34,53.68,31.39,82.04,22.8,47.23,22.69,31.47,4.77,6.53,31.52,48.38,64.91,95.77,62.41,47.14,67.23,40.64,29.89,58.87
98.54,87.98,78.49,40.42,67.12,35.6,2.79,94.1,9.83,85.86,60.19,48.38,54.38,14.9,80.48,54.39,53.38,7.38,97.15,66.52,1.08,10.97,39.24,87.26,17,6.65,3.51,4.7,46.23,98.58,35.6,59.87,2.74,16.09,26.49,58.99,45.36,38.78,70.55,28.07,18.14,9.22,35.05,60.83,36.34,19.68,99.96,84.48,37.42,90.66,73.73,14.3,96.54,94.96,43.3,86.4,97.54,9.43,96.55,32.97,4.66,33.48,21,16.18,13.09,38.96,96.65,72.55,51.84,90.21,49.2,99.46,59.8,18.72,98.62,6.52,92.65,73.16,27.03,29.14,15.34,39.32,65.11,8.09,71.44,39.11,93.19,76.07,52.86,80.36,90.53,58.76,4.72,2.12,29.72,67.31,86.62,37.32,58.06,11.25
47.68,61.56,76.03,37.7,50.6,1.24,59.91,88.72,66.5,16.46,33.38,7.48,80.01,98.21,75.75,72.18,3.16,86.17,37.17,96.52,80.06,98.21,10.72,96.16,72.93,63.5,67.15,14.46,92.8,14.8,46.91,26.4,53.69,98.59,70.7,66.73,56.56,49.08,24.03,5.46,95.79,38.51,60.61,38.86,52.84,96.45,4.66,77.3,80.41,35.26,35.05,52.6,44.29,55.42,35.84,13.52,5.94,31.12,77.68,45.48,80.31,77.13,1.66,81.64,35.48,21.59,79.8,75.67,27.86,20.45,91.87,3.91,35.13,20.94,41.57,87.41,57.2,40.02,52.75,98.91,53.81,6.68,54.62,90.09,91.63,75.92,33.02,93.31,64.22,56.42,13.7,62.06,18.97,4.36,55.13,9.36,59.92,16.43,28.75,80.57
3.44,10.86,25.38,7.41,34.76,37.72,22.89,56.4,32.58,56.22,34.2,2.93,12.6,18.48,49.1,63.7,17.67,75.24,43.36,94.56,53.13,76.61,8.69,52.34,35.23,75.48,44.52,24.45,51.48,31.59,22.57,8.07,44.94,32.64,41.34,34.11,74.6,14.26,34.17,70.65,93.59,91.99,11.81,78.22,30.89,61.77,13.29,74.55,52.4,32.36,77.28,27.09,96.37,74.74,20.37,24.57,31.78,1.64,57.13,11.02,74.67,17.05,96.67,48.02,52.97,98.99,71.63,57.65,89.79,20.37,26.11,22.03,36.52,35.75,90.47,3.1,52.33,74.17,95.24,71.81,4.74,2.16,12.29,18.33,35.84,14.4,52.38,7.45,1.1,17.17,36.94,52.58,11.31,55.76,68.52,20.79,28.82,80.9,16.29,62.74
83.51,10.42,87.96,60.61,35.2,29.57,15.11,60.97,85.48,10.75,22.35,56.9,98.74,48.59,54.32,68.89,26.55,28.37,58.44,39.22,89.1,24.94,31.42,43.3,28.27,74.55,13.53,60.91,55.42,87.12,56.03,17.87,87.06,19.66,24.2,40.97,74.82,65.29,65.69,46.93,42.34,19.42,63.7,15.55,5.63,93.18,41.41,84.84,65.46,66.52,40.6,26.7,11.45,33.13,12.34,27.14,82.77,92.23,87.38,3.44,88.31,22.37,24.82,34.02,64.67,60.52,71.98,81.8,24.03,28.79,66.62,70.33,19.66,55.16,75.15,35.87,81.28,41.73,41.14,94.04,28.86,2.02,41.79,80.55,50.64,10.17,23.71,87.56,55.16,87.2,79.15,57.77,63.53,66.22,75.58,74.63,93.59,34.55,46.22,35.02
76.36,24.17,75.73,31.08,45.04,47.27,23.38,80.35,88.69,82.13,54.65,82.92,48.88,26.33,60.5,24.68,1.35,64.49,43.69,61.65,16.17,19.18,58.92,37.26,43.15,79.11,68.07,19.42,31.9,97.72,70.91,97.29,32.65,98.04,41.68,74.43,33.27,19.45,88.88,87.89,38.88,88.51,2.63,83.53,81.95,61.97,48.43,93.92,83.06,79.6,75.71,68.1,47.43,2.56,14.79,65.26,66.45,17.51,70.46,24.98,22.88,45.37,33.14,15.53,41.95,54.26,41.1,69.87,28.77,12.48,11.39,84.52,59.34,45.53,80.66,22.96,52.42,8.22,80.9,85.73,29.32,45.92,3.33,43.83,26.88,9.82,29.35,82.89,9.28,66.12,61.4,14.09,27.18,35,24.52,38.91,65.96,92.77,3.9,85.56
24.38,49.71,31.47,16,43.78,44.55,61.14,18.77,2.43,6.45,7.13,39.94,91.97,80.55,58.41,34.05,92.13,54.23,31.59,54.37,95.23,41.63,87.23,91.2,83.04,24.4,12.03,3.79,37.11,87.95,8.89,33.03,50.8,5.7,77.38,33.81,9.45,37.67,99.18,7.77,32.25,29.09,80.47,39.54,61.63,38.43,94.18,48.79,99.02,97.46,4.8,76.84,58.19,88.45,27.92,93.02,15.57,56.72,38.63,60.43,85.13,46.52,50.24,80.45,98.06,92.12,31.18,94.93,18.98,9.38,99.6,42.37,11.76,10.8,76.74,49.43,63.49,76.89,17.93,21.53,82.11,43.78,27.24,75.24,58.67,72.23,33.46,28.66,22.57,56.93,10.41,80.24,85.45,11.79,55.42,35.19,48.83,58.79,22.93,77.44
56.68,17.83,34.26,23.25,57.51,16.95,77.53,22.73,28.95,53.31,5.7,32.81,81.53,44.13,13.52,72.53,1.41,64.82,41.56,94.8,98.74,45.94,20.91,92.98,33.07,8.6,98.64,12.42,37.11,22.02,79.49,4.38,9.09,90.81,26.07,70.05,32.61,99.27,20.39,73.71,96.89,49.51,86.78,11.98,9.1,89.21,82.22,92.29,44.08,16.33,2.56,76.48,13.72,28.82,85.49,78.21,71.21,24.37,23.47,20.25,82.52,97.46,73.6,76.69,66.2,60.08,98.19,79.24,8.11,14.58,49.72,58.31,72.98,73.01,95.72,27.57,21.28,93.24,46.73,82.18,98.07,87.32,87.65,47.3,56.07,74.9,54.48,74.84,63,65.46,71.58,15.12,99.76,9.36,94.25,11.77,17.62,33.68,37.87,71.79
20.54,60.62,65.04,57.53,34.61,89.72,9.3,88.35,35.99,9.3,56.15,39.48,88.12,97.79,77.23,68.13,98.99,15.34,68.46,28.44,92.14,58.81,51.78,77.87,54.27,83.61,98.07,93.85,63.46,76.17,13.66,43.39,87.48,89.02,58.83,25.94,29.34,87.86,79.66,93.79,68.46,98.47,78.21,66.95,33.6,82.37,49.99,76.45,60.47,13.03,46.08,33.74,82.18,32.98,23.21,82.74,78.09,60.94,61.41,72.63,38.3,44.12,78.64,66.34,44.21,4.85,79.48,4.83,16.04,66.62,74.41,38.38,7.15,4.18,25.38,58.33,35.45,35.66,47.46,95.28,38.71,43,92.85,63.34,78.96,44.72,79.46,12.22,39.73,46.76,44.33,23.22,30.29,28.25,34.94,51.45,47.62,95.74,85.46,30.01
7.15,91.23,96.31,67.81,48.46,78.55,85.27,79.81,43.67,33.83,44.08,33.94,44.49,54.14,84.49,13.05,94.76,94.83,40.36,6.78,66.27,48.12,61.16,21.48,52.08,1.55,83.01,80.05,69.63,23.26,9.06,72.86,35.92,29.65,69.97,1.72,12.04,20.63,99.19,75.12,27.57,59.32,42.49,74.2,55.64,44.93,80.45,70.33,41.42,74.3,55.11,47.82,82.3,94.4,18.33,78.64,7.6,35.94,98.32,29.83,3.4,41.95,80.5,41.19,80.89,42.58,21.81,30.09,51.24,45.5,6.81,74.9,76.43,28.31,74.47,24.05,42.63,82.62,37.98,14.05,57.48,19.42,55.41,57.04,6.98,76.78,15.94,17.26,73.68,12.7,82.15,76.39,9.2,51.12,52.39,21.01,10.14,69.02,60.18,9.96
67.18,5.63,41.8,8.31,84.28,24.38,53.55,9.58,79.47,20.56,59.88,54.59,3.28,12,10.48,72.26,21.72,30.45,46.11,80.96,40.89,97.4,84.22,28.11,4.85,71.16,67.04,74.6,3.16,2.63,66.67,50.74,93.8,95.05,58.38,29.01,63.81,22.23,76.95,85.25,97.9,31.3,54.55,24.54,23.6,38.67,19.95,38.06,45.99,83.98,8.79,51.36,75.36,39.48,72.16,53.1,13.82,95.67,1.6,64.93,7.96,74.34,91.6,54.36,7.35,87.14,11.8,82.56,33.15,41.44,66.71,2.54,32.31,91.51,42.42,88.07,85.32,1.23,60.04,27.95,43.51,11.14,44.17,37.43,80.21,29.27,91.82,6.09,69.14,40.78,94.89,19.1,37.61,15.85,46.37,6.95,65.06,33.42,41.38,61.6
60.07,39.05,50.8,7.25,76.94,33.7,24.04,35.2,49.11,5.07,18.94,24.7,41.06,90.84,78.82,66.9,49.07,87.25,65.29,97.87,2.78,20.97,36.71,46.43,97.23,25.86,93.64,38.38,1.93,37.01,97.2,4.56,51.75,6.37,62.54,10.54,64.06,15.11,2.14,12.13,2.88,56.71,41.05,7.68,56.83,95.03,91.07,63.26,46.84,37.08,19.19,29.41,57.25,86.14,36.92,75.92,42.94,54.67,12.83,26.89,13.77,53.52,12.01,10.78,39.72,99.76,52.22,56.82,95.82,79.76,11.27,27.41,83.27,47.24,61.1,25.08,79.29,58.84,63.07,44.61,25.35,24.33,55.78,95.5,41.16,25.39,39.87,13.8,57.97,97.09,38.66,66.25,15.59,94.61,31,69.44,86.59,13.48,14.63,10.19
15.05,93.15,61.17,74.03,65.63,38.82,15.21,93.35,50.43,42.51,35.63,42.97,19.67,87.71,77.09,43.92,79.65,61.77,83.87,72.43,50.88,98.83,8.36,47.25,2.05,13.89,48.77,13.56,20.27,93.82,27.14,81.35,53.23,14.43,44.74,17.61,29.14,88.78,74.61,71.62,34.79,28.62,78.31,15.26,12.57,75.6,35.08,6.72,52.14,23.1,22.16,98.61,51.48,51.66,67.21,54.43,54.5,10.78,53.61,73.12,5.71,1.6,5.72,96.72,33.12,46.82,11.56,37.52,66.53,59.39,49.46,58.24,2.08,97.36,99.56,59.78,16.69,83.88,65.75,64.32,19.38,56.21,68.99,23.37,31.48,20.22,32.53,91.59,16.04,47.96,5.69,4.78,53.19,73.35,26.06,6.8,84.04,14.26,51.4,52.49
85.39,57.57,36.81,15.5,9.53,16.73,72.49,15.06,45.84,97.07,44.48,34.46,2.2,75.43,53.04,82.5,76.85,28.3,70.48,1.48,81.19,58.51,56.51,9.2,16.18,16.91,34.28,70.9,98.04,33.73,88.65,33.67,72.54,6.61,85.75,28.71,75.38,85.84,90.51,19.9,73.37,58.21,11.49,98.31,1.81,51.7,65.23,39.31,37.58,72.1,12.21,68.14,17.17,25.73,3.44,87.25,52.76,81.77,5.75,5.54,33.9,54.64,18.99,66.1,42.47,60.07,35.09,28.88,4.41,38.66,10.11,7.58,21.68,58.26,18.28,57.91,20.83,26.66,91.02,96.02,8.21,44.83,31.64,39.22,17.95,86.79,73.02,76.88,54.22,36.72,34.54,21.37,72.77,56.26,94.81,98.71,11.9,68.81,39.99,93.39
46.74,95.18,47.78,14.82,37.25,88.62,77.16,82.08,70.16,29.1,71.64,35.76,1.84,11.17,45.07,76.04,15.99,12.98,34.52,79.19,61.05,24.07,5.21,18.17,43.75,25.71,14.58,29.06,34.73,93.72,32.53,66.1,10.5,11.85,47.37,74.48,85.95,52.38,43.15,39.7,45.84,54.65,5.7,39.61,15.27,62.93,41.03,29.57,23.55,57.5,25.79,95.67,26.99,74.34,99.78,16.25,8.53,86.25,58.13,22.04,45.79,80.18,79.83,16.75,27.18,76.01,67.25,68.31,13.57,65.23,78.81,57.84,14.04,93.53,96.98,76.21,40.64,40.04,76.2,21.37,96.53,74.81,99.84,70.08,77.63,66.12,82.99,15.8,85.93,72.5,25.11,62.84,17.15,30.34,11.04,47.09,93,45.38,36.11,78.06
40.81,54.21,45.27,73.76,77.09,38.69,43.44,50.89,8.84,25.45,56.58,23.07,50.17,20.05,8.43,21.98,48.08,55.65,9.54,78.57,59.86,36.63,35.15,16.92,93.44,90.84,57.44,33.48,2.55,15.66,31.25,5.69,73.67,87.72,80.66,74.35,19.98,41.18,19.68,46.47,66.17,36.5,60.1,60.5,77.87,1.27,72.47,27.13,19.1,58.18,58.08,21.39,9.25,98.83,26.55,10.41,96.68,85.59,67.04,14.83,85.99,33.37,26.6,12.28,39.72,51.5,3.18,28.46,47.74,64.54,54.46,32.29,94.07,7.2,86.66,87.05,60.01,15.34,90.63,48.91,42.36,20.32,21.13,86.11,17.09,39.18,88.48,10.52,1.93,32.26,84.34,76.46,77.26,96.12,74.77,30.19,20.91,97.33,92.31,42.48
22.03,50.43,53.74,97.79,2.69,32.72,15.56,52.93,33.34,17.18,93.14,74.79,43.28,26.93,66.79,89.96,18.87,60.69,6.29,67.51,50.32,47.06,44.36,32.93,97.59,62.27,6.69,43.33,84.65,36.98,9.87,9.6,75.7,99.94,29.23,21.15,67.72,9.14,10.81,28.89,23.93,61.79,66.67,72.92,28.82,97.63,43.51,16.18,88.21,74.38,50.21,14.62,34.7,27.15,81.89,76.63,23.21,25.74,38.15,48.37,16.37,26.38,88.82,47.36,17.04,73.37,21.19,2.77,73.05,3.5,23.17,46.34,80.53,57.54,77.74,79.93,55.26,3.95,90.15,9.47,73.59,12.59,17.16,56.96,35.99,60.89,38.12,87.58,86.18,59.16,49.4,14.72,8.46,52.87,29.16,73.35,57.95,38.63,43.8,51.18
43.91,80.09,99.67,96.6,98.52,50.88,72.45,7.45,13.52,36.75,58.63,20.09,72.41,68.89,88.85,53.81,43.67,33.21,86.63,81.09,20.41,2.37,24.4,73.87,82.92,91.28,72.2,2.56,36.22,44.24,32.68,55.35,46.9,39.42,18.57,80.76,52.76,24.38,79.57,18.99,73.68,75.11,74.78,42.88,71.95,15.18,5.66,98.86,32.92,80.69,46.72,33.02,16.4,87.6,38.07,46.68,7.16,95.82,94.53,40.24,1.94,22.85,48.42,67.05,17.5,28.98,56.23,23.82,99.61,5.01,55.15,74.83,77.82,92.03,11.02,41.1,53.51,87.36,65.1,26.71,97.13,68.94,49.53,35.87,80.91,13.24,63.67,32.78,45.31,3.87,51.15,49.71,3.96,98.73,49.43,92.12,14.01,32.1,57.09,72.03
28.09,32.55,84.1,17.85,18.17,87.3,96.9,94.71,67.5,80.15,15.2,84.31,84.29,80.38,29.85,10.53,3.01,13.5,43.24,91.14,14.84,95.19,2.11,37.73,82.17,92.12,71.26,76.43,9.24,5.03,32.84,68.09,27.72,34.76,45.93,45.86,6.11,65.86,32.86,55.41,41.89,91.48,81.15,82.6,21.06,68.68,77.82,21.45,15.67,38.32,29.6,3.2,24.52,76.44,26.04,72.27,9.21,38.25,37.79,39.96,61.18,68.14,85.69,38.84,86.24,30.87,69.25,79.48,30.79,25.63,94.06,25.42,88.3,32.58,86.95,20.27,57.18,51.15,89.96,16.65,50.29,32.9,75.96,9.83,58.67,9.03,90.24,85.17,46.17,86.87,83.06,36.77,86.73,81.85,38.65,59.4,79.89,3.28,66.05,58.88
16.67,10.71,42.77,92.91,22.86,27.1,52.44,14.62,77.72,4.54,23.64,19.34,44.62,95.42,75.84,12.51,69.99,72.3,32.09,44.7,90.61,41.25,56.89,27.06,41.92,5.18,27.63,63.07,35.14,78.72,33.94,53.34,64.29,49.64,96.28,86.86,80.09,5.69,7.04,92.73,8.37,58.8,31.2,97.55,32.18,71.04,76.44,51.11,38.14,65.75,2.27,90.96,60.18,38.82,50.9,53.74,29.06,47.2,29.03,54.29,13.31,88.62,46.41,2.16,95.49,13.21,57.41,62.06,27.99,75.94,4.73,85.27,11.26,78,8.98,4.08,35.26,8.62,57.46,93.13,64.71,30.8,93.65,78.46,45.75,63.42,64.91,96.06,97.64,74.31,71.43,4.58,67.88,92.42,78.25,77.62,10.59,17.46,12.65,44.97
57.82,31.02,42.95,43.58,24.17,85.89,32.82,64.31,75.94,99.55,38.2,16.82,7.61,50.84,57.19,44.94,70.98,43.59,49.94,6.51,10.03,76.99,56.73,61.71,45,49.91,66.79,98.11,69.75,11.37,14,38.28,64.95,15.52,50.91,82.15,60.77,49.04,94.07,65.73,34.66,46.98,78.49,41.1,27.21,20.97,31.73,55.87,94.75,58.21,26.97,79.37,88.64,38.16,97.51,72.08,92.37,6.7,8.91,89.65,7.11,45.09,19.11,58.67,35.96,61.08,20.77,94.22,72.3,92.85,47.85,83.27,48.04,94.34,99.86,96.67,82.08,95.98,45.14,10.94,88.24,64.48,56.36,54.85,24.34,60.49,1.75,26.38,84.34,2.85,82.58,20.88,57.26,96.83,10.99,87.03,10.24,7.27,54.96,87.41
6.77,19.28,51.12,25.84,13.47,62.83,12.82,85.74,99.07,50.38,39.62,9.95,93.09,84.33,42.37,88.99,8.05,76.65,90.75,27.99,40.5,23.1,59.3,76.69,57.85,33.06,55.01,84.9,8.89,43.36,54.17,31.23,30.8,18.62,1.62,87.24,53.49,17.49,35.57,42.92,67.2,11.45,98.98,14.04,65.6,7.98,78.05,53.13,55.77,17.29,11.66,67.83,16.92,22.76,59.03,94.06,67.02,16.75,29.42,98.49,84,71.72,96.27,79.74,22.37,53.77,95.68,24.64,91.78,6.49,14.57,5.77,10.38,18.85,38.17,89.52,57.45,76.32,58.39,46.51,20.82,64.38,90.59,82.65,33.69,35.25,44.33,18.21,31.83,90.11,58.41,48.18,82.88,79.09,50.76,57.81,58.33,26.26,80.64,4.89
59.2,9.91,8.91,53.85,50.67,56.59,91.12,18.31,37.29,33.84,3.48,8.73,25.45,22.94,11.73,63.54,14.73,25.32,45.84,19.72,77.04,4.94,55.7,20.14,51.65,65.47,6.33,1.22,99.8,72.43,79.13,26.62,16.56,19.01,31.95,31.06,38.14,5.36,21.81,33.11,62,56.22,96.09,71.45,93.41,21.07,6.89,31.91,64.87,1.93,80.54,85.28,90.76,8.22,45.99,81.86,52.84,94.95,77.04,98.61,23.21,79.53,50.94,93.64,29.32,6.04,40.8,93.62,4,98.41,63.82,28.69,18.34,78.02,32.79,16,46.08,46.34,32.23,13.35,21.86,53.68,79.48,92.46,19.77,96.76,59.31,30.78,56.53,87.14,99.55,84.93,66.39,47.15,64.57,42.91,20.87,93.4,63.64,74.26
50.98,97.9,83.72,70.95,75.91,8.75,65.71,93.82,62.24,60.44,45.64,92.59,16.6,7.11,53.43,91.01,76.84,84.84,40.05,4.14,24.76,83.6,12.02,69.64,12.58,75.27,19.26,17.92,73.45,16.76,79.57,90.82,80.93,78.32,46.65,54.33,2.91,67.64,16.44,66.67,33.64,89.87,73.6,99.61,7.65,27.61,13.33,73.54,71.78,56.86,38.86,17.1,25.13,92.9,63.33,88.28,35.54,70.06,92.52,17.15,13.99,22.41,48.53,88.74,16.7,51.8,37.07,11.93,9.89,57.66,73.32,71.47,16.38,62,42.1,50.73,29.85,67.62,37.66,89.64,77.77,10.09,90.48,92.13,96.31,58.19,11.05,39.5,57.94,56.58,12.52,71.66,40.22,4.17,54.88,4.61,79.55,9,81.77,57.96
83.62,57.32,35.48,67.19,62.32,86.88,89.65,28.71,19.79,37.59,34.34,52.73,30.22,64.11,6.16,66.47,93.2,79.81,91.29,62.35,33.51,84.62,26.82,13.67,80.33,59.16,13.9,72.87,89.25,68.12,53.49,11.59,90.62,55.26,48.15,5.51,83.77,54.21,21.86,23.4,58.4,37.71,51.35,19.68,70.63,42.24,73.26,79.06,81,38.61,58.92,78.45,15.19,97.64,84.82,6.26,20.97,62.29,37.45,67.84,93.65,56.87,62.38,66.62,85.43,20.67,19.05,11.94,25.95,44.02,64.1,66.88,34.76,28.45,88.39,38.7,78.48,44.73,81.01,79.42,49.89,24.25,53.11,59.67,58.88,15.41,38.58,61.02,95.45,89.69,34.15,4.51,27.74,67.28,89.11,1.87,7.01,34.71,2.24,92.06
82.06,38.45,31.83,59.02,28.91,81.61,76.89,47.62,40.78,79.91,97.28,43.68,59.21,14.44,69.84,73.81,74.99,17.06,39.42,50.51,27.32,40.71,13.44,50.53,57.58,22.85,51.92,36.6,23.11,9.73,22.01,18.96,3.79,49.84,42.6,85.07,72.35,62.26,58.37,5.08,43.26,99.28,85.27,43.92,33.38,24.38,70.75,40.16,73.8,76.28,43.88,63.41,83.39,97.3,4.79,17.62,58.2,21.04,87.73,19.49,68.6,7.43,40.88,28.62,32.12,94.42,1.44,76.89,31.53,66.28,94.56,59.13,86.47,8.4,59.96,11.71,46.89,79.64,93.02,75.96,71.82,70.22,63.52,79.89,1.21,73.06,99.24,18.14,21.81,70.5,63.31,84.8,66.56,88.67,79.66,9.66,43.95,83.01,78.85,86.14
10.34,51.7,93.38,89.15,8.28,92.58,23.29,4.48,84.35,44.86,11.22,39.6,52.56,65.45,54.18,49.54,99.16,44.85,43.43,19.94,24.38,28.97,1.8,9.84,59.69,74.06,98.41,72.36,65.28,91.27,31.77,37.52,66.06,79.78,20.52,18.27,99.11,29.69,89.08,2.01,26.46,59.8,39.81,34.1,20.5,10.46,27.73,75.77,96.71,8.34,8.72,63.87,10.6,9.5,64.96,85.23,50.34,23.27,37.56,98.69,76.67,55.45,28.66,4.88,77.36,48.13,92.82,61,48.7,97.66,66.67,17.73,19.05,4.39,51.54,7.78,60.03,10.18,70.15,37.69,23.05,19.65,34.26,16.42,48.72,74.37,74.05,93.4,30.95,49.56,34.65,15.63,22.84,34.26,11.01,11.16,15.51,62.91,79.04,70.17
69.7,99.24,55.16,62.72,17.86,45.58,42.67,53.92,23.79,34.89,79.05,34.33,85.22,70.22,23.45,50.42,69.06,10.25,51.18,66.35,63.4,23.37,27.6,65.97,55.1,5.94,25.63,25.32,28.37,79.27,38.97,94.3,99.9,48.65,41.76,70.27,9.98,39.6,50.9,48.85,29.56,26.57,31.26,17.59,83.38,69.33,70.37,55.59,49.15,77.45,57.77,46.61,86.4,27.94,76.37,8.88,75.95,69.54,82.24,54.5,82.78,54.48,83.75,1.17,20.26,56.17,65.78,73.11,72.59,3.28,14.45,23.61,45.83,77.74,62.09,23.61,64.51,42.47,86.38,86.27,65.47,77.95,69.43,54.73,20,17.6,59.95,89.66,38.18,65.58,98.71,72.1,84.76,70.65,57.91,44.27,40.64,15.99,70.03,34.8
15.69,72.87,66.54,79.34,44.22,83.43,53.73,1.8,93.98,80.26,16.12,9.04,60.68,34.38,17.59,22.56,76.75,35.86,32.11,95.2,62.1,84.53,39.82,57.61,87.73,29.23,17.01,80.83,21.56,13.9,40.18,39.38,83.96,73.94,7.64,40.69,1.04,11.25,21.04,17.01,94.89,62.48,96.34,32.69,63.49,8.28,40.51,21.96,66.92,42.98,51.09,86.43,96.04,77.71,2.13,28.39,80.82,80.75,58.34,89.99,25.35,66.8,52.36,16.15,79.75,43.6,87.28,2.87,88.19,93.89,76.65,8.17,91.18,50.14,45.32,96.37,87.56,71.11,21.26,40.63,81.49,17.14,59.86,56.29,84.94,83.8,77.8,75.04,3.22,78.64,37.31,62.21,16.7,82.69,58.75,57.33,95.98,59.24,58.99,64.8
19.51,29.85,34.18,51.64,30.92,29.7,54.04,70.51,16.17,82.83,99.64,65,9.76,91.16,53.62,2.05,93.54,65.14,3.04,43.33,81.88,50.14,98.35,84.57,48.71,49.66,12.64,88.72,68.83,61.37,91.92,49.13,73.96,94.92,72.36,2.1,20.65,56.93,38.95,73.75,39.31,94.35,51.99,68.58,84.36,34.48,70.06,84.18,96.65,33.64,9.79,76.8,64.3,35.37,92.19,6.04,72.28,86.58,90.46,98.18,86.3,93.28,37.84,69.19,84.69,15.35,50.41,23.99,32.57,63.04,51.65,94.74,21.97,6.76,11.18,64.04,20.38,90.19,17.04,58.05,15.92,64.9,84.61,8.9,1.95,22.88,59.85,1.22,59.51,59.54,2.37,47.49,24.54,73.45,61.88,84.54,22.54,66.61,76.6,64.85
28.49,82.25,82.88,18.53,3.3,81.67,6.62,25.39,27.59,44.46,6.79,13.22,35.73,19.21,54.28,50.05,54.18,17.72,22.06,99.59,19.7,54.31,43.93,50.97,26.42,77.69,89.29,9.88,92.5,2.77,82.2,62.57,13.67,95.69,27.35,73,68.29,72.75,66.76,56.39,28.37,20.73,7.79,97.21,76.82,66.69,1.14,20.48,60.32,15.86,61.15,57.01,28.5,38.72,57.01,50.43,92.34,77.92,95.05,74.14,87.31,23.01,70.84,19.67,34.39,22.21,38.5,51.56,1.13,3.02,81.61,55.46,54.47,33.74,83.81,91.5,23.36,8.32,50.31,87.5,29.24,82.37,18.96,93.59,52.77,41.69,13.8,66.47,45.81,29.86,94.52,89.99,10.61,99.69,45.56,35.27,47.3,21.88,32.74,43.76
48.12,10.67,14.78,46.19,73.09,85.2,66,88.7,78.14,31.87,69.28,48.95,97.62,71.78,10.09,37.12,12.6,60.77,50.95,98.72,35.4,36.76,16.79,26.08,3.49,35.46,28.22,28.45,68.1,93.26,31.28,15.91,12.84,76.28,3.4,74.47,24.88,1.77,61.56,90.06,51.71,30.79,78.96,49,69.44,49.55,54.22,87.58,95.65,72.83,15.03,53.64,64,52.24,56.3,33.66,32.57,28.82,47.2,61.19,72.33,7.01,95.26,94.51,82.25,4.42,2.17,27.36,63.75,36.86,86.86,90.11,59.22,19.96,6.74,64.71,17.92,25.48,87.83,40.5,77.9,75.14,93.54,46.53,44.64,2.78,67.13,25.44,71.28,57.06,45.03,3.26,16.39,81.11,67.28,20.16,55.06,12.02,34.46,78.2
77.38,48.48,70.03,35.87,32.14,52.81,81.06,81.7,52.8,14.02,46.09,46.24,66.33,61.6,97.83,36.34,13.44,94.58,73.08,22.63,49.63,50.83,82.18,8.95,21.65,7.74,54.31,16.56,34.01,73.08,95.42,50.15,72.24,84.71,65.65,3.12,60.46,16.46,51.87,16.47,3.77,52.1,80.31,50.76,24.43,11.05,7.77,36.63,23.84,59.19,24.28,36.55,67.51,42.65,40.66,81.33,16.24,9.67,85.75,69.46,9.73,24.48,44.76,51.72,69.76,61.09,72.13,38.54,39.98,50.2,70.5,53.96,12.98,21.31,43.24,31.58,16.19,68.97,98.4,24.66,28.78,78.13,51.24,65.82,22.4,5.89,55.91,76.33,68.7,87.45,33.14,69.78,73.96,92.75,47.71,73.88,99.53,60.07,92.31,12.13
43.14,3.51,12.93,96.72,25.48,91.7,65.85,96.05,72.24,23.45,35.47,83.62,1.97,70.04,73.65,30.59,32.1,55.86,1.02,85.36,89.7,82.77,65.29,30.21,66.26,78.68,5.07,20.41,72.8,19.93,43.88,50.15,79.08,12.94,47.33,98.21,97.94,72.37,16.51,38.4,99.21,41.9,72.29,90.59,94.06,5.37,81.59,13.38,18.07,53.62,24.91,33.69,56.83,98.61,37.97,67.11,71.05,10.54,87.3,99.2,93.42,22.19,37.74,70.48,59.52,91.85,54.19,28.34,88.75,31.05,22.04,52,98.92,13.89,82.78,86.36,48.47,86.53,8.81,11.83,66.44,40.23,54.48,33.79,90.42,84,58.05,74.56,15.07,81.03,15.5,69.95,16.33,94.35,26.42,53.97,90.66,2.19,7.56,12.98
98.11,26.01,37.53,70.92,30.9,81.87,11.08,18.09,47.34,90.42,80.11,5.78,73.5,5.44,31.59,72.95,29.26,84.56,57.59,14.9,21.96,13.24,94.39,90.78,88.5,95.11,47.45,18.41,18.19,71.39,85.44,34.93,89.42,88.34,86.84,16.82,8.41,22.43,42.8,85.13,1.29,70.39,76.55,86.9,1.37,79.26,35.96,1.63,27.18,14.26,57.17,51.33,47.78,18.41,96.1,60.46,88.51,94.73,88.21,63.16,3.15,72.41,84.45,25.85,83.01,73.73,71.11,91.63,85.96,7.42,27.17,14.21,21.8,64.66,50.35,58.22,29.76,8.79,59.99,72.24,31.84,97.12,10.4,33.65,17.34,86.59,2.23,79.32,52.48,72.3,50.88,58.02,6.42,27.43,25.87,84.4,86.59,57.96,68.94,70.01
98.25,91.77,30.41,91.4,9.39,31.23,49.51,84.16,31.97,93.64,67.1,81.79,45.18,56.81,22.6,95.49,33.59,24.07,75.05,16.53,27.8,76.46,60.24,17.82,1.69,69.55,84.98,22.54,31.47,14.59,93.23,34.46,19.11,21.37,13.19,13.59,13.08,61.68,10.23,46.09,33.47,12.35,51.3,90.14,10.89,50.93,94.07,81.56,25.94,67.18,37.56,82.76,58.14,97.84,62.31,47.89,98.46,31.19,81.69,20.21,11.7,60.89,92.49,5.43,56.36,64.42,90.93,34.02,67.16,37.37,29.27,77,26.48,92.55,26.5,44.51,59.76,76.14,86.44,86.82,2.81,82.42,86.49,54.85,73.8,18.01,28.09,88.57,94.48,16.71,63.76,1.97,8.24,49.55,83,24.8,88.74,67.63,26.17,28.61
92.86,34.68,4.47,65.43,16.76,55.68,76.79,74.82,80.46,80.82,89.89,18.81,20.07,5.83,66.28,98.88,35.04,99.85,17.59,17.32,31.59,71.35,3.67,78.1,50.41,77.89,98.2,56.67,21.42,14.98,60.51,13.72,76.89,82.7,31.07,30.24,72.25,41.73,54.43,66.86,24.02,16.1,4.05,89.33,24.75,65.68,69.29,11.15,7.09,55.26,83.75,84.63,77.52,66.58,59.72,14.81,48.65,51.57,41.02,85.55,13.29,71.08,31.46,7.84,47.87,11.38,68.49,13.73,75.98,61.5,20.87,40.95,34.19,36.6,76.57,37.66,72.93,12.51,37.33,64.55,50.83,31.16,81.92,3.47,13.1,23.81,91.94,59.83,55.32,47.22,78.15,10.36,55.59,34.77,78.71,40.2,20.64,83.02,85.1,57.06
18.09,62.75,6.67,32.74,55.8,22.16,32.1,34.96,26.48,22.19,67.62,15.88,70.33,66.29,59.1,54.69,18.78,69.64,28.2,33.58,72.41,36.28,50.38,68.78,12.1,97.74,17.13,31.5,96.22,5.3,20.81,90.69,97.62,30.37,99.86,52.55,19.11,14.28,88.64,82.95,67.91,88.35,80.9,51.05,14.98,82.36,54.72,2.06,88.01,8.73,56.79,29.43,21.78,85.06,84.7,6.05,6.47,31.37,40.23,65.23,31.57,8.78,5.95,82.45,85.85,52.62,87.62,97.2,90.41,81.85,52.47,51.19,73.43,99.42,19.12,93.16,28.26,95.25,21.35,8.73,4.11,37.71,58.34,84.02,7.26,33.01,96.31,99.51,70.63,27.13,69.6,19.68,18.31,93.92,1.9,31.52,73.88,45.71,71.81,1.37
3.65,97.74,33.75,48.3,45.48,52.57,98.58,89.58,61.07,82.11,96.55,41.37,97.9,14.53,93.05,4.1,4.17,55.98,96.17,60.39,43.16,23.76,3.52,50,77.35,31.23,20.47,11.94,97.72,80.63,39.14,3.34,26.94,65.01,76.45,26.5,77.51,51.78,14.57,63.17,18.73,32.81,39.49,88.73,92.46,77.35,9.03,29.27,95.6,40.08,26.9,10.87,96.87,9.59,19.05,10.33,14.04,97.08,53.56,94.6,31.21,35.14,97.04,79,10.63,92.99,19.01,91.72,48.28,33.5,19.35,94.93,88.71,64.99,72.22,43.45,15.63,86.26,9.64,88.77,95.14,23.7,12.41,6.08,86.78,18.47,29.49,94.06,77.01,85.28,65.67,38.98,22.21,86.5,47.68,71.37,65.54,82.55,47.67,72.16
